calle;calleClean;name;surname;fiabilidad;gender;category;typeofroad;wikipedia
Calle Rosario;Rosario;Rosario;;2;female;historica;living_street;https://es.wikipedia.org/wiki/Rosario
Calle Blanca de los Ríos;Blanca de los Ríos;Blanca de los;Ríos;2;female;escritora;pedestrian;https://es.wikipedia.org/wiki/Blanca_de_los_Ríos
Calle Santa Vicenta María;Santa Vicenta María;Santa Vicenta;María;2;female;santa;living_street;https://es.wikipedia.org/wiki/Vicenta_María_López_y_Vicuña
Calle Virgen de la Presentación;Virgen de la Presentación;Virgen de la;Presentación;2;female;religiosa;living_street;https://es.wikipedia.org/wiki/Virgen_de_la_Presentación
Calle Doña Guiomar;Doña Guiomar;Doña;Guiomar;2;female;historica;living_street;
Calle Santa María de los Reyes;Santa María de los Reyes;Santa María de los;Reyes;2;female;religiosa;residential;https://es.wikipedia.org/wiki/Santa_María_de_los_Reyes
Plaza Duquesa Cayetana de Alba;Duquesa Cayetana de Alba;Duquesa Cayetana de;Alba;2;female;historica;primary;https://es.wikipedia.org/wiki/Cayetana_Fitz-James_Stuart
Calle Fabiola;Fabiola;Fabiola;;2;female;santa;living_street;https://es.wikipedia.org/wiki/Fabiola
Calle Santa Teresa;Santa Teresa;Santa;Teresa;2;female;santa;pedestrian;https://es.wikipedia.org/wiki/Santa_Teresa
Calle Virgen de la Alegría;Virgen de la Alegría;Virgen de la;Alegría;2;female;religiosa;living_street;https://es.wikipedia.org/wiki/Virgen_de_la_galería
Calle Doña María Coronel;Doña María Coronel;Doña María;Coronel;2;female;religiosa;residential;
Calle Santa Ángela de la Cruz;Santa Ángela de la Cruz;Santa Ángela de la;Cruz;2;female;santa;residential;https://es.wikipedia.org/wiki/Ángela_de_la_Cruz
Calle de Doña Berenguela;de Doña Berenguela;de Doña;Berenguela;2;female;historica;residential;https://es.wikipedia.org/wiki/Berenguela_I_de_Castilla
Calle Santa Catalina;Santa Catalina;Santa;Catalina;2;female;santa;residential;https://es.wikipedia.org/wiki/Santa_Catalina
Calle Santa Bárbara;Santa Bárbara;Santa;Bárbara;2;female;santa;living_street;https://es.wikipedia.org/wiki/Santa_Bárbara
Calle Leonor Dávalos;Leonor Dávalos;Leonor;Dávalos;2;female;historica;pedestrian;
Calle Urraca Osorio;Urraca Osorio;Urraca;Osorio;2;female;historica;pedestrian;
Calle Santa Rufina;Santa Rufina;Santa;Rufina;2;female;santa;living_street;https://es.wikipedia.org/wiki/Santa_Rufina
Calle Antonia Sáenz;Antonia Sáenz;Antonia;Sáenz;2;female;historica;living_street;
Calle Virgen del Carmen Dolorosa;Virgen del Carmen Dolorosa;Virgen del Carmen;Dolorosa;2;female;religiosa;pedestrian;
Eustaquia Barrón;Eustaquia Barrón;Eustaquia;Barrón;2;female;historica;living_street;
Plaza Alcaldesa Soledad Becerril;Alcaldesa Soledad Becerril;Alcaldesa Soledad;Becerril;2;female;politica;tertiary;https://es.wikipedia.org/wiki/Soledad_Becerril
Calle Virgen de la Sierra;Virgen de la Sierra;Virgen de la;Sierra;2;female;religiosa;residential;https://es.wikipedia.org/wiki/Virgen_de_la_Sierra
Calle Abogada Aurora León;Abogada Aurora León;Abogada Aurora;León;2;female;politica;residential;
Calle Santa Clara;Santa Clara;Santa;Clara;2;female;santa;living_street;https://es.wikipedia.org/wiki/Santa_Clara
Calle Doña María de Padilla;Doña María de Padilla;Doña María de;Padilla;2;female;historica;residential;https://es.wikipedia.org/wiki/María_de_Padilla
Glorieta Doña María de las Mercedes de Borbón y Orleans;Glorieta Doña María de las Mercedes de Borbón y Orleans;Glorieta Doña María de las Mercedes de Borbón y;Orleans;2;female;historica;primary;https://es.wikipedia.org/wiki/Mercedes_de_Orleáns
Calle Santa Juana Jugan;Santa Juana Jugan;Santa Juana;Jugan;2;female;santa;secondary;https://es.wikipedia.org/wiki/Juana_Jugan
Avenida de la Reina Mercedes;de la Reina Mercedes;de la Reina;Mercedes;2;female;historica;residential;https://es.wikipedia.org/wiki/Mercedes_de_Orleáns
Calle Sor Francisca Dorotea;Sor Francisca Dorotea;Sor Francisca;Dorotea;2;female;religiosa;primary;
Calle Virgen de la Guía;Virgen de la Guía;Virgen de la;Guía;2;female;religiosa;residential;https://es.wikipedia.org/wiki/Virgen_de_la_Granada_(advocación)
Ronda Nuestra Señora de la Oliva;Ronda Nuestra Señora de la Oliva;Ronda Nuestra Señora de la;Oliva;2;female;religiosa;residential;
Calle Virgen de los Buenos Libros;Virgen de los Buenos Libros;Virgen de los Buenos;Libros;2;female;religiosa;residential;
Calle Mamá Margarita;Mamá Margarita;Mamá;Margarita;2;female;religiosa;residential;
Calle María Moliner;María Moliner;María;Moliner;2;female;cientifica;residential;https://es.wikipedia.org/wiki/María_Moliner
Calle Santa Lucía;Santa Lucía;Santa;Lucía;2;female;santa;residential;
Calle Santa Paula;Santa Paula;Santa;Paula;2;female;santa;living_street;
Calle Amalia Torrijos;Amalia Torrijos;Amalia;Torrijos;2;female;politica;residential;
Calle Ana Orantes;Ana Orantes;Ana;Orantes;2;female;historica;living_street;https://es.wikipedia.org/wiki/Ana_Orantes
Calle Estrellita Castro;Estrellita Castro;Estrellita;Castro;2;female;artista;living_street;https://es.wikipedia.org/wiki/Estrellita_Castro
Calle Antonia Díaz;Antonia Díaz;Antonia;Díaz;2;female;escritora;residential;
Calle Susona;Susona;Susona;;2;female;historica;pedestrian;https://es.wikipedia.org/wiki/Susona_de_Susón
Paseo de Catalina de Ribera;de Catalina de Ribera;de Catalina de;Ribera;2;female;historica;pedestrian;https://es.wikipedia.org/wiki/Catalina_de_Ribera
Calle Madre de Dios;Madre de Dios;Madre de;Dios;2;female;religiosa;living_street;https://es.wikipedia.org/wiki/Madre_de_Dios
Calle Virgen de la Piedad;Virgen de la Piedad;Virgen de la;Piedad;2;female;religiosa;tertiary;https://es.wikipedia.org/wiki/Virgen_de_la_Piedad
Calle Virgen de la Palma;Virgen de la Palma;Virgen de la;Palma;2;female;religiosa;residential;https://es.wikipedia.org/wiki/Virgen_de_la_Palma
Calle Virgen de las Aguas;Virgen de las Aguas;Virgen de las;Aguas;2;female;religiosa;residential;https://es.wikipedia.org/wiki/Virgen_de_las_Angustias_(Felipe_del_Corral)
Calle Gracia Fernández Palacios;Gracia Fernández Palacios;Gracia Fernández;Palacios;2;female;politica;living_street;
Calle María Auxiliadora;María Auxiliadora;María;Auxiliadora;2;female;santa;primary;https://es.wikipedia.org/wiki/María_Auxiliadora
Avenida Nuestra Señora de las Mercedes;Nuestra Señora de las Mercedes;Nuestra Señora de las;Mercedes;2;female;religiosa;tertiary;https://es.wikipedia.org/wiki/Nuestra_Señora_de_las_Mercedes
Calle Madre San Marcelo;Madre San Marcelo;Madre San;Marcelo;2;female;religiosa;residential;
Calle Procuradora Ascensión García Ortiz;Procuradora Ascensión García Ortiz;Procuradora Ascensión García;Ortiz;2;female;politica;residential;
Calle Virgen del Carmen;Virgen del Carmen;Virgen del;Carmen;2;female;religiosa;residential;
Calle Virgen de la Oliva;Virgen de la Oliva;Virgen de la;Oliva;2;female;religiosa;primary;
Calle Virgen del Patrocinio;Virgen del Patrocinio;Virgen del;Patrocinio;2;female;religiosa;primary;
Calle Virgen de Consolación;Virgen de Consolación;Virgen de;Consolación;2;female;religiosa;residential;
Calle Virgen de Fuensanta;Virgen de Fuensanta;Virgen de;Fuensanta;2;female;religiosa;pedestrian;
Calle Virgen del Valle;Virgen del Valle;Virgen del;Valle;2;female;religiosa;residential;
Calle Virgen de Regla;Virgen de Regla;Virgen de;Regla;2;female;religiosa;residential;
Calle Virgen de la Victoria;Virgen de la Victoria;Virgen de la;Victoria;2;female;religiosa;residential;
Calle Virgen de Setefilla;Virgen de Setefilla;Virgen de;Setefilla;2;female;religiosa;residential;
Calle Virgen de Begoña;Virgen de Begoña;Virgen de;Begoña;2;female;religiosa;residential;
Calle Virgen de África;Virgen de África;Virgen de;África;2;female;religiosa;residential;
Calle Madre Rafols;Madre Rafols;Madre;Rafols;2;female;religiosa;residential;https://es.wikipedia.org/wiki/María_Rafols
Calle Virgen de Loreto;Virgen de Loreto;Virgen de;Loreto;2;female;religiosa;residential;
Calle Virgen de Aguas Santas;Virgen de Aguas Santas;Virgen de Aguas;Santas;2;female;religiosa;residential;
Virgen de las Montañas;Virgen de las Montañas;Virgen de las;Montañas;2;female;religiosa;residential;
Calle Virgen de las Montañas;Virgen de las Montañas;Virgen de las;Montañas;2;female;religiosa;residential;
Calle Virgen del Águila;Virgen del Águila;Virgen del;Águila;2;female;religiosa;residential;
Calle Virgen de la Estrella;Virgen de la Estrella;Virgen de la;Estrella;2;female;religiosa;residential;
Calle Virgen de la Antigua;Virgen de la Antigua;Virgen de la;Antigua;2;female;religiosa;residential;
Calle Virgen de la Cinta;Virgen de la Cinta;Virgen de la;Cinta;2;female;religiosa;residential;
Calle Virgen de Robledo;Virgen de Robledo;Virgen de;Robledo;2;female;religiosa;residential;
Calle Virgen de Monserrat;Virgen de Monserrat;Virgen de;Monserrat;2;female;religiosa;residential;
Calle Virgen de Guaditoca;Virgen de Guaditoca;Virgen de;Guaditoca;2;female;religiosa;residential;
Calle Esperanza de Triana;Esperanza de Triana;Esperanza de;Triana;2;female;religiosa;residential;
Calle Virgen de Fátima;Virgen de Fátima;Virgen de;Fátima;2;female;religiosa;residential;
Calle Virgen del Buen Aire;Virgen del Buen Aire;Virgen del Buen;Aire;2;female;religiosa;unclassified;
Virgen del Sagrado Corazón;Virgen del Sagrado Corazón;Virgen del Sagrado;Corazón;2;female;religiosa;unclassified;
Calle Lucía de Jesús;Lucía de Jesús;Lucía de;Jesús;2;female;religiosa;unclassified;
Calle Virgen de las Huertas;Virgen de las Huertas;Virgen de las;Huertas;2;female;religiosa;unclassified;
Calle Concha Espina;Concha Espina;Concha;Espina;2;female;escritora;unclassified;https://en.wikipedia.org/wiki/Concha_Espina
Calle Gabriela Sánchez Aranda;Gabriela Sánchez Aranda;Gabriela Sánchez;Aranda;2;female;historica;residential;
Calle Pilar de Gracia;Pilar de Gracia;Pilar de;Gracia;2;female;religiosa;unclassified;
Calle Sor Milagros;Sor Milagros;Sor;Milagros;2;female;religiosa;residential;
Glorieta Mar Cambrollé;Glorieta Mar Cambrollé;Glorieta Mar;Cambrollé;2;female;politica;primary;https://es.wikipedia.org/wiki/Mar_Cambrollé
Calle Virgen del Sol;Virgen del Sol;Virgen del;Sol;2;female;religiosa;tertiary;
Calle Santa María Mazzarello;Santa María Mazzarello;Santa María;Mazzarello;2;female;santa;residential;https://es.wikipedia.org/wiki/María_Mazzarello
Calle Santa Joaquina de Vedruna;Santa Joaquina de Vedruna;Santa Joaquina de;Vedruna;2;female;santa;residential;https://es.wikipedia.org/wiki/Joaquina_de_Vedruna
Calle Doña María de Molina;Doña María de Molina;Doña María de;Molina;2;female;historica;residential;https://es.wikipedia.org/wiki/María_de_Molina
Calle Virgen de la Luz;Virgen de la Luz;Virgen de la;Luz;2;female;religiosa;pedestrian;https://es.wikipedia.org/wiki/Virgen_de_la_Luz_(Tarifa)
Calle Clara de Jesús Montero;Clara de Jesús Montero;Clara de Jesús;Montero;2;female;religiosa;secondary;
Calle Virgen del Refugio;Virgen del Refugio;Virgen del;Refugio;2;female;religiosa;residential;
Calle Virgen de Todos Los Santos;Virgen de Todos Los Santos;Virgen de Todos Los;Santos;2;female;religiosa;pedestrian;
Calle Virgen del Monte;Virgen del Monte;Virgen del;Monte;2;female;religiosa;residential;https://es.wikipedia.org/wiki/Virgen_del_Monte_(Bolaños_de_Calatrava)
Calle Enriqueta Delicado;Enriqueta Delicado;Enriqueta;Delicado;2;female;historica;service;
Calle Virgen del Pino;Virgen del Pino;Virgen del;Pino;2;female;religiosa;residential;https://es.wikipedia.org/wiki/Virgen_del_Pino
Calle Virgen del Perpetuo Socorro;Virgen del Perpetuo Socorro;Virgen del Perpetuo;Socorro;2;female;religiosa;residential;https://es.wikipedia.org/wiki/Virgen_del_Perpetuo_Socorro
Calle Nuestra Señora de los Ángeles;Nuestra Señora de los Ángeles;Nuestra Señora de los;Ángeles;2;female;religiosa;residential;https://es.wikipedia.org/wiki/Nuestra_Señora_de_los_Ángeles
Calle Virgen de Villadiego;Virgen de Villadiego;Virgen de;Villadiego;2;female;religiosa;unclassified;
Calle Luz Arriero;Luz Arriero;Luz;Arriero;2;female;historica;residential;https://es.wikipedia.org/wiki/Los_Arrieros
Glorieta Doña María García Montero;Glorieta Doña María García Montero;Glorieta Doña María García;Montero;2;female;politica;tertiary;
Calle La Celestina;La Celestina;La;Celestina;2;female;historica;residential;https://es.wikipedia.org/wiki/La_Celestina
Calle María Josefa Segovia;María Josefa Segovia;María Josefa;Segovia;2;female;historica;residential;
Avenida de la Mujer Trabajadora;de la Mujer Trabajadora;de la Mujer;Trabajadora;2;female;historica;tertiary;https://es.wikipedia.org/wiki/Día_de_la_mujer_trabajadora
Calle Sor Gregoria de Santa Teresa;Sor Gregoria de Santa Teresa;Sor Gregoria de Santa;Teresa;2;female;santa;residential;
Calle Victoria Domínguez Cerrato;Victoria Domínguez Cerrato;Victoria Domínguez;Cerrato;2;female;politica;tertiary;
Calle Virgen de Valvanera;Virgen de Valvanera;Virgen de;Valvanera;2;female;religiosa;residential;https://es.wikipedia.org/wiki/Virgen_de_Valvanera
Calle Madre Isabel Moreno;Madre Isabel Moreno;Madre Isabel;Moreno;2;female;religiosa;residential;https://es.wikipedia.org/wiki/Isabel_Moreno_Mesonero
Calle Carmen Vendrell;Carmen Vendrell;Carmen;Vendrell;2;female;historica;residential;
Avenida Doña Francisquita;Doña Francisquita;Doña;Francisquita;2;female;artista;residential;
Avenida Verbena de la Paloma;Verbena de la Paloma;Verbena de la;Paloma;2;female;artista;residential;
Plaza de Santa Teresa de Jesús;de Santa Teresa de Jesús;de Santa Teresa de;Jesús;2;female;santa;residential;
Calle Beatriz de Ahumada;Beatriz de Ahumada;Beatriz de;Ahumada;2;female;religiosa;residential;https://es.wikipedia.org/wiki/Beatriz_de_Ahumada
Calle Luisa de la Cerda;Luisa de la Cerda;Luisa de la;Cerda;2;female;religiosa;residential;https://es.wikipedia.org/wiki/Luisa_de_la_Cerda
Calle Cristina Hoyos;Cristina Hoyos;Cristina;Hoyos;2;female;artista;residential;https://es.wikipedia.org/wiki/Cristina_Hoyos
Calle Carmen Amaya;Carmen Amaya;Carmen;Amaya;2;female;artista;residential;https://es.wikipedia.org/wiki/Carmen_Amaya
Calle Rigoberta Menchú;Rigoberta Menchú;Rigoberta;Menchú;2;female;politica;pedestrian;https://es.wikipedia.org/wiki/Rigoberta_Menchú
Calle Valentina Pinelo;Valentina Pinelo;Valentina;Pinelo;2;female;religiosa;residential;https://es.wikipedia.org/wiki/Valentina_Pinelo
Carolina Coronado;Carolina Coronado;Carolina;Coronado;2;female;escritora;residential;https://es.wikipedia.org/wiki/Carolina_Coronado
Glorieta Amantina Cobos;Glorieta Amantina Cobos;Glorieta Amantina;Cobos;2;female;politica;residential;
Calle Virgen de la Saletta;Virgen de la Saletta;Virgen de la;Saletta;2;female;religiosa;residential;
Calle María Guerrero;María Guerrero;María;Guerrero;2;female;artista;residential;https://es.wikipedia.org/wiki/María_Guerrero_(actriz)
Calle Tristana;Tristana;Tristana;;2;female;historica;residential;https://es.wikipedia.org/wiki/Tristana_(novela)
Calle Nuestra Señora de la Paz;Nuestra Señora de la Paz;Nuestra Señora de la;Paz;2;female;religiosa;residential;
Calle Clara Campoamor;Clara Campoamor;Clara;Campoamor;2;female;politica;residential;https://es.wikipedia.org/wiki/Clara_Campoamor
Calle Doña Clarines;Doña Clarines;Doña;Clarines;2;female;historica;residential;
Calle Abogada Rosa María Morán;Abogada Rosa María Morán;Abogada Rosa María;Morán;2;female;politica;residential;
Calle Abogada Carmen Moya;Abogada Carmen Moya;Abogada Carmen;Moya;2;female;politica;residential;
Calle Concepción Arenal;Concepción Arenal;Concepción;Arenal;2;female;politica;residential;https://es.wikipedia.org/wiki/Concepción_Arenal
Calle Rosario Pino;Rosario Pino;Rosario;Pino;2;female;artista;residential;https://es.wikipedia.org/wiki/Rosario_Pino
Calle Quinita Flores;Quinita Flores;Quinita;Flores;2;female;artista;residential;
Calle Beatriz de Suabia;Beatriz de Suabia;Beatriz de;Suabia;2;female;historica;pedestrian;https://es.wikipedia.org/wiki/Beatriz_de_Suabia
Calle Madre María Teresa;Madre María Teresa;Madre María;Teresa;2;female;religiosa;residential;
Calle Juana de Castilla;Juana de Castilla;Juana de;Castilla;2;female;historica;residential;https://es.wikipedia.org/wiki/Juana_I_de_Castilla
Calle Santa Isabel;Santa Isabel;Santa;Isabel;2;female;santa;residential;https://es.wikipedia.org/wiki/Santa_Isabel
Calle Santa Justa;Santa Justa;Santa;Justa;2;female;santa;pedestrian;
Avenida Isabel la Católica;Isabel la Católica;Isabel la;Católica;2;female;historica;living_street;https://es.wikipedia.org/wiki/Isabel_I_de_Castilla
Pasaje Virgen de los Gitanos;Pasaje Virgen de los Gitanos;Pasaje Virgen de los;Gitanos;2;female;religiosa;pedestrian;
Calle Fernanda Calado Rosales;Fernanda Calado Rosales;Fernanda Calado;Rosales;2;female;historica;residential;
Calle Doctora Navarro Rodríguez;Doctora Navarro Rodríguez;Doctora Navarro;Rodríguez;2;female;cientifica;residential;
Calle María Santísima de las Tristezas;María Santísima de las Tristezas;María Santísima de las;Tristezas;2;female;religiosa;living_street;
Calle Ceres;Ceres;Ceres;;2;female;historica;pedestrian;https://es.wikipedia.org/wiki/Ceres_(mitología)
Calle Nuestra Señora de los Dolores;Nuestra Señora de los Dolores;Nuestra Señora de los;Dolores;2;female;religiosa;residential;
Calle Carmen Laffón;Carmen Laffón;Carmen;Laffón;2;female;artista;residential;
Calle Carmen Huerta;Carmen Huerta;Carmen;Huerta;2;female;historica;residential;
Calle Nuestra Señora de los Desamparados;Nuestra Señora de los Desamparados;Nuestra Señora de los;Desamparados;2;female;religiosa;residential;
Calle María Fulmen;María Fulmen;María;Fulmen;2;female;historica;residential;
Calle Beata Ana María Javouhey;Beata Ana María Javouhey;Beata Ana María;Javouhey;2;female;santa;residential;https://es.wikipedia.org/wiki/Ana_María_Javouhey
Plazoleta Nuestra Señora de los Ángeles;Plazoleta Nuestra Señora de los Ángeles;Plazoleta Nuestra Señora de los;Ángeles;2;female;religiosa;pedestrian;
Calle Madre de la Iglesia;Madre de la Iglesia;Madre de la;Iglesia;2;female;religiosa;residential;
Plaza Virgen de la Amargura;Virgen de la Amargura;Virgen de la;Amargura;2;female;religiosa;living_street;
Calle Fedra;Fedra;Fedra;;2;female;historica;residential;https://es.wikipedia.org/wiki/Fedra
Calle Virgen de la Encarnación;Virgen de la Encarnación;Virgen de la;Encarnación;2;female;religiosa;pedestrian;
Calle Carmen Conde;Carmen Conde;Carmen;Conde;2;female;escritora;pedestrian;https://es.wikipedia.org/wiki/Carmen_Conde
Calle Gloria Fuertes;Gloria Fuertes;Gloria;Fuertes;2;female;escritora;pedestrian;https://es.wikipedia.org/wiki/Gloria_Fuertes
Calle Concepción Estevarena;Concepción Estevarena;Concepción;Estevarena;2;female;historica;residential;
Calle Mary Ward;Mary Ward;Mary;Ward;2;female;religiosa;residential;https://es.wikipedia.org/wiki/Mary_Ward_(religiosa)
Calle Dulce Chacón;Dulce Chacón;Dulce;Chacón;2;female;escritora;residential;https://es.wikipedia.org/wiki/Dulce_Chacón
Calle Marie Curie;Marie Curie;Marie;Curie;2;female;cientifica;residential;https://es.wikipedia.org/wiki/Marie_Curie
Glorieta Beatriz Manchón;Glorieta Beatriz Manchón;Glorieta Beatriz;Manchón;2;female;cientifica;secondary;https://es.wikipedia.org/wiki/Beatriz_Manchón
Calle Dolores León;Dolores León;Dolores;León;2;female;historica;residential;https://es.wikipedia.org/wiki/Juana_María_de_los_Dolores_de_León_Smith
Calle Regla León;Regla León;Regla;León;2;female;historica;residential;https://es.wikipedia.org/wiki/Regla_general_de_Leibniz
Calle Regla Sanz;Regla Sanz;Regla;Sanz;2;female;historica;residential;https://es.wikipedia.org/wiki/Regla_Manjón
Calle Nuestra Señora de la Salud;Nuestra Señora de la Salud;Nuestra Señora de la;Salud;2;female;religiosa;residential;https://es.wikipedia.org/wiki/Nuestra_Señora_de_la_Salud
Calle Santa Rosa;Santa Rosa;Santa;Rosa;2;female;santa;residential;https://es.wikipedia.org/wiki/Santa_Rosa
Calle Santa Olalla;Santa Olalla;Santa;Olalla;2;female;santa;residential;https://es.wikipedia.org/wiki/Santa_Olalla
Calle Virgen de la Soledad;Virgen de la Soledad;Virgen de la;Soledad;2;female;religiosa;residential;https://es.wikipedia.org/wiki/Virgen_de_la_Soledad
Calle Virgen del Dulce Nombre;Virgen del Dulce Nombre;Virgen del Dulce;Nombre;2;female;religiosa;residential;
Calle Virgen del Silencio;Virgen del Silencio;Virgen del;Silencio;2;female;religiosa;residential;
Calle Virgen de las Angustias;Virgen de las Angustias;Virgen de las;Angustias;2;female;religiosa;residential;
Calle Virgen de la Capilla;Virgen de la Capilla;Virgen de la;Capilla;2;female;religiosa;residential;
Calle Eva Cervantes;Eva Cervantes;Eva;Cervantes;2;female;historica;residential;
Calle Virgen de Lourdes;Virgen de Lourdes;Virgen de;Lourdes;2;female;religiosa;residential;
Calle Gabriela Mistral;Gabriela Mistral;Gabriela;Mistral;2;female;escritora;residential;https://es.wikipedia.org/wiki/Gabriela_Mistral
Calle Emilia Pardo Bazán;Emilia Pardo Bazán;Emilia Pardo;Bazán;2;female;escritora;residential;https://es.wikipedia.org/wiki/Emilia_Pardo_Bazán
Calle Virgen de la Caridad;Virgen de la Caridad;Virgen de la;Caridad;2;female;religiosa;residential;
Calle Ana de Jesús;Ana de Jesús;Ana de;Jesús;2;female;religiosa;residential;https://es.wikipedia.org/wiki/Ana_de_Jesús
Calle Isabel de Jesús;Isabel de Jesús;Isabel de;Jesús;2;female;religiosa;residential;
Calle Ana de San Bartolomé;Ana de San Bartolomé;Ana de San;Bartolomé;2;female;santa;residential;https://es.wikipedia.org/wiki/Ana_de_San_Bartolomé
Plazuela de Santa Ana;Plazuela de Santa Ana;Plazuela de Santa;Ana;2;female;santa;pedestrian;
Calle Victoria Kent;Victoria Kent;Victoria;Kent;2;female;politica;residential;https://es.wikipedia.org/wiki/Victoria_Kent
Calle Elisa Ruiz Romero;Elisa Ruiz Romero;Elisa Ruiz;Romero;2;female;historica;residential;
Calle Mery Martin;Mery Martin;Mery;Martin;2;female;historica;residential;https://es.wikipedia.org/wiki/Mary_Martin
Plaza Mikaela Rodríguez Cuesta;Mikaela Rodríguez Cuesta;Mikaela Rodríguez;Cuesta;2;female;historica;residential;
Calle Virgen de las Torres;Virgen de las Torres;Virgen de las;Torres;2;female;religiosa;residential;
Calle María Ortiz;María Ortiz;María;Ortiz;2;female;historica;residential;https://es.wikipedia.org/wiki/Maria_Ortiz
Calle Julia Rómula Híspalis;Julia Rómula Híspalis;Julia Rómula;Híspalis;2;female;historica;residential;
Avenida Virgen de la Esperanza;Virgen de la Esperanza;Virgen de la;Esperanza;2;female;religiosa;residential;https://es.wikipedia.org/wiki/Virgen_de_la_Esperanza
Calle Nuestra Señora de Consolación;Nuestra Señora de Consolación;Nuestra Señora de;Consolación;2;female;religiosa;residential;https://es.wikipedia.org/wiki/Nuestra_Señora_de_Consolación
Travesía de Nuestra Señora de la Consolación;Travesía de Nuestra Señora de la Consolación;Travesía de Nuestra Señora de la;Consolación;2;female;religiosa;pedestrian;
Calle Concha Caballero Cubillo;Concha Caballero Cubillo;Concha Caballero;Cubillo;2;female;politica;residential;https://es.wikipedia.org/wiki/Concha_Caballero_Cubillo
Calle Clara Jaime Melero;Clara Jaime Melero;Clara Jaime;Melero;2;female;historica;residential;
Calle Virgen de Escardiel;Virgen de Escardiel;Virgen de;Escardiel;2;female;religiosa;residential;
Calle Carmen Díaz;Carmen Díaz;Carmen;Díaz;2;female;historica;residential;
Calle Niña de la Alfalfa;Niña de la Alfalfa;Niña de la;Alfalfa;2;female;artista;pedestrian;
Plaza Rosa de Pasión;Rosa de Pasión;Rosa de;Pasión;2;female;religiosa;residential;
Plaza de Santa Cruz;de Santa Cruz;de Santa;Cruz;2;female;santa;living_street;
Paseo Catalina de Ribera;Catalina de Ribera;Catalina de;Ribera;2;female;historica;living_street;https://es.wikipedia.org/wiki/Catalina_de_Ribera
Calle Virgen del Mayor Dolor;Virgen del Mayor Dolor;Virgen del Mayor;Dolor;2;female;religiosa;residential;
Calle Siete Dolores de Nuestra Señora;Siete Dolores de Nuestra Señora;Siete Dolores de Nuestra;Señora;2;female;religiosa;living_street;
Calle Mariana de Pineda;Mariana de Pineda;Mariana de;Pineda;2;female;historica;living_street;https://es.wikipedia.org/wiki/Mariana_de_Pineda
Calle Santa Marina;Santa Marina;Santa;Marina;2;female;santa;pedestrian;
Calle Santa Maria del Mar;Santa Maria del Mar;Santa Maria del;Mar;2;female;santa;residential;
Calle Santa Maria del Reposo;Santa Maria del Reposo;Santa Maria del;Reposo;2;female;santa;residential;
Calle Carmen Martínez Sancho;Carmen Martínez Sancho;Carmen Martínez;Sancho;2;female;historica;residential;
Calle Rafi Herencia;Rafi Herencia;Rafi;Herencia;2;female;historica;residential;
Calle Madre Isabel de la Trinidad;Madre Isabel de la Trinidad;Madre Isabel de la;Trinidad;2;female;religiosa;residential;
Calle Jacinta Marto;Jacinta Marto;Jacinta;Marto;2;female;santa;service;https://es.wikipedia.org/wiki/Jacinta_Marto
Pasaje Virgen de Consolación;Pasaje Virgen de Consolación;Pasaje Virgen de;Consolación;2;female;religiosa;living_street;
Calle Nuestra Señora del Carmen;Nuestra Señora del Carmen;Nuestra Señora del;Carmen;2;female;religiosa;pedestrian;
Calle Nuestra Señora de la Antigua;Nuestra Señora de la Antigua;Nuestra Señora de la;Antigua;2;female;religiosa;pedestrian;
Calle Nuestra Señora de la Merced;Nuestra Señora de la Merced;Nuestra Señora de la;Merced;2;female;religiosa;pedestrian;
Calle Nuestra Señora de los Reyes;Nuestra Señora de los Reyes;Nuestra Señora de los;Reyes;2;female;religiosa;pedestrian;https://es.wikipedia.org/wiki/Nuestra_Señora_de_los_Reyes_(Las_Palmas_de_Gran_Canaria)
Calle María Galiana;María Galiana;María;Galiana;2;female;artista;residential;https://es.wikipedia.org/wiki/María_Galiana
Calle Zenobia Camprubí;Zenobia Camprubí;Zenobia;Camprubí;2;female;escritora;residential;https://es.wikipedia.org/wiki/Zenobia_Camprubí
Calle La Farruca;La Farruca;La;Farruca;2;female;artista;residential;https://es.wikipedia.org/wiki/La_Araucana
Calle Madre Admirable;Madre Admirable;Madre;Admirable;2;female;religiosa;pedestrian;
Calle Dolores Ibarruri Pasionaria;Dolores Ibarruri Pasionaria;Dolores Ibarruri;Pasionaria;2;female;politica;pedestrian;https://es.wikipedia.org/wiki/Dolores_Ibárruri
Calle Madre Inmaculada;Madre Inmaculada;Madre;Inmaculada;2;female;religiosa;pedestrian;
Calle Madre Castísima;Madre Castísima;Madre;Castísima;2;female;religiosa;residential;https://es.wikipedia.org/wiki/Madre_Santísima_de_la_Luz
Calle Madre Amable;Madre Amable;Madre;Amable;2;female;religiosa;residential;https://es.wikipedia.org/wiki/Marc-Amable_Girard
Calle Madre del Salvador;Madre del Salvador;Madre del;Salvador;2;female;religiosa;residential;
Glorieta Directora Esperanza Vélez;Glorieta Directora Esperanza Vélez;Glorieta Directora Esperanza;Vélez;2;female;politica;tertiary;
Calle Madre de Cristo;Madre de Cristo;Madre de;Cristo;2;female;religiosa;tertiary;https://es.wikipedia.org/wiki/Cristóbal_Sánchez_de_Madrid
Calle Madre Purísima;Madre Purísima;Madre;Purísima;2;female;religiosa;pedestrian;https://es.wikipedia.org/wiki/Madre_Purísima
Calle Isadora Duncan;Isadora Duncan;Isadora;Duncan;2;female;artista;residential;https://es.wikipedia.org/wiki/Isadora_Duncan
Calle Virgen de Soterraña;Virgen de Soterraña;Virgen de;Soterraña;2;female;religiosa;residential;
Calle Guiomar de Ulloa;Guiomar de Ulloa;Guiomar de;Ulloa;2;female;religiosa;residential;https://es.wikipedia.org/wiki/Guiomar_de_Ulloa
Calle María Briceño;María Briceño;María;Briceño;2;female;religiosa;residential;https://es.wikipedia.org/wiki/María_Briceño
Calle Doctora Vieira Fuentes;Doctora Vieira Fuentes;Doctora Vieira;Fuentes;2;female;cientifica;residential;
Calle Virgen de la Candelaria;Virgen de la Candelaria;Virgen de la;Candelaria;2;female;religiosa;residential;https://es.wikipedia.org/wiki/Virgen_de_la_Candelaria
Calle Antonia Colomé;Antonia Colomé;Antonia;Colomé;2;female;artista;pedestrian;https://es.wikipedia.org/wiki/Antonio_Colom
Calle América Martínez;América Martínez;América;Martínez;2;female;historica;residential;https://es.wikipedia.org/wiki/América_Martínez_Serrano
Calle María Zambrano;María Zambrano;María;Zambrano;2;female;cientifica;residential;https://es.wikipedia.org/wiki/María_Zambrano
Calle Emilia Barral;Emilia Barral;Emilia;Barral;2;female;artista;residential;https://es.wikipedia.org/wiki/Emiliano_Barral
Calle Atenea;Atenea;Atenea;;2;female;historica;residential;https://es.wikipedia.org/wiki/Atenea
Calle Penélope;Penélope;Penélope;;2;female;historica;pedestrian;https://es.wikipedia.org/wiki/Penélope
Calle Calipso;Calipso;Calipso;;2;female;historica;residential;https://es.wikipedia.org/wiki/Calipso_(mitología)
Calle Flora Tristán;Flora Tristán;Flora;Tristán;2;female;politica;tertiary;https://es.wikipedia.org/wiki/Flora_Tristán
Calle Isabel Chéix;Isabel Chéix;Isabel;Chéix;2;female;historica;residential;
Calle Camino de la Ermita de la Virgen de Valme;Camino de la Ermita de la Virgen de Valme;Camino de la Ermita de la Virgen de;Valme;2;female;religiosa;tertiary;
Calle Feliciana Enríquez;Feliciana Enríquez;Feliciana;Enríquez;2;female;escritora;residential;https://es.wikipedia.org/wiki/Feliciana_Enríquez_de_Guzmán
Calle Francisca Sánchez Blanco;Francisca Sánchez Blanco;Francisca Sánchez;Blanco;2;female;historica;residential;
Calle Santa Margarita;Santa Margarita;Santa;Margarita;2;female;santa;residential;
Calle Galatea;Galatea;Galatea;;2;female;historica;residential;https://es.wikipedia.org/wiki/Galatea_(mitología)
Calle Proserpina;Proserpina;Proserpina;;2;female;historica;residential;https://es.wikipedia.org/wiki/Proserpina
Calle Virgen de Valme;Virgen de Valme;Virgen de;Valme;2;female;religiosa;residential;
Calle Virgen del Subterráneo;Virgen del Subterráneo;Virgen del;Subterráneo;2;female;religiosa;pedestrian;
Calle Rectora Rosario Valpuesta Fernández;Rectora Rosario Valpuesta Fernández;Rectora Rosario Valpuesta;Fernández;2;female;cientifica;primary;https://es.wikipedia.org/wiki/Rosario_Valpuesta
Plaza María Pita;María Pita;María;Pita;2;female;historica;living_street;https://es.wikipedia.org/wiki/María_Pita
Calle Gertrudis Gómez de Avellaneda;Gertrudis Gómez de Avellaneda;Gertrudis Gómez de;Avellaneda;2;female;escritora;tertiary;https://es.wikipedia.org/wiki/Gertrudis_Gómez_de_Avellaneda
Calle Perséfone;Perséfone;Perséfone;;2;female;historica;residential;https://es.wikipedia.org/wiki/Perséfone
Calle Selene;Selene;Selene;;2;female;historica;residential;
Calle Afrodita;Afrodita;Afrodita;;2;female;historica;residential;https://es.wikipedia.org/wiki/Afrodita
Travesía Feliciana Enríquez;Travesía Feliciana Enríquez;Travesía Feliciana;Enríquez;2;female;escritora;residential;https://es.wikipedia.org/wiki/Feliciana_Enríquez_de_Guzmán
Plaza Virgen de los Reyes;Virgen de los Reyes;Virgen de los;Reyes;2;female;religiosa;living_street;https://es.wikipedia.org/wiki/Virgen_de_los_Reyes
Calle Virgen de Luján;Virgen de Luján;Virgen de;Luján;2;female;religiosa;secondary;https://es.wikipedia.org/wiki/Virgen_de_Luján
Glorieta Carmen Olmedo Checa;Glorieta Carmen Olmedo Checa;Glorieta Carmen Olmedo;Checa;2;female;historica;tertiary;
Calle Virgen de Palma Coronada;Virgen de Palma Coronada;Virgen de Palma;Coronada;2;female;religiosa;living_street;
Josefa Reina Puerto;Josefa Reina Puerto;Josefa Reina;Puerto;2;female;historica;pedestrian;
Plaza Nuestra Señora de Valme;Nuestra Señora de Valme;Nuestra Señora de;Valme;2;female;religiosa;pedestrian;https://es.wikipedia.org/wiki/Nuestra_Señora_de_Valvanera
Calle Gracia de Triana;Gracia de Triana;Gracia de;Triana;2;female;historica;pedestrian;https://es.wikipedia.org/wiki/Gracia_de_Triana
Plaza Maria Purísima de la Cruz;Maria Purísima de la Cruz;Maria Purísima de la;Cruz;2;female;religiosa;living_street;
Calle Madre Dolores Márquez;Madre Dolores Márquez;Madre Dolores;Márquez;2;female;religiosa;residential;
Calle Soledad Miranda;Soledad Miranda;Soledad;Miranda;2;female;artista;pedestrian;https://es.wikipedia.org/wiki/Soledad_Miranda
Calle Virgen de las Lágrimas;Virgen de las Lágrimas;Virgen de las;Lágrimas;2;female;religiosa;residential;
Paseo Nuestra Señora de la O;Nuestra Señora de la O;Nuestra Señora de la;O;2;female;religiosa;footway;
Calle Santa Ana;Santa Ana;Santa;Ana;2;female;santa;living_street;
Calle Nuestra Señora del Pilar;Nuestra Señora del Pilar;Nuestra Señora del;Pilar;2;female;religiosa;tertiary;
Barriada Nuestra Señora de la Oliva;Barriada Nuestra Señora de la Oliva;Barriada Nuestra Señora de la;Oliva;2;female;religiosa;residential;
Calle Teresa de Calcuta;Teresa de Calcuta;Teresa de;Calcuta;2;female;santa;pedestrian;https://es.wikipedia.org/wiki/Madre_Teresa_de_Calcuta
Calle Madre Dolorosa;Madre Dolorosa;Madre;Dolorosa;2;female;religiosa;pedestrian;
Calle Minerva;Minerva;Minerva;;2;female;historica;living_street;https://es.wikipedia.org/wiki/Minerva
Calle Madre de Misericordia;Madre de Misericordia;Madre de;Misericordia;2;female;religiosa;pedestrian;
Calle Virgen Inmaculada;Virgen Inmaculada;Virgen;Inmaculada;2;female;religiosa;residential;
Calle Virgen del Mar;Virgen del Mar;Virgen del;Mar;2;female;religiosa;residential;
Calle Virgen del Prado;Virgen del Prado;Virgen del;Prado;2;female;religiosa;residential;
Glorieta Gabriela Ortega Gómez;Glorieta Gabriela Ortega Gómez;Glorieta Gabriela Ortega;Gómez;2;female;politica;pedestrian;https://es.wikipedia.org/wiki/Gabriela_Ortega
Calle María Laffitte;María Laffitte;María;Laffitte;2;female;escritora;residential;https://es.wikipedia.org/wiki/María_Laffitte
Calle Amalia Domingo Soler;Amalia Domingo Soler;Amalia Domingo;Soler;2;female;escritora;pedestrian;https://es.wikipedia.org/wiki/Amalia_Domingo_Soler
Patio de María Auxiliadora;Patio de María Auxiliadora;Patio de María;Auxiliadora;2;female;santa;pedestrian;
Calle Virgen de Belén;Virgen de Belén;Virgen de;Belén;2;female;religiosa;residential;
Plaza Farmacéutica Margarita González;Farmacéutica Margarita González;Farmacéutica Margarita;González;2;female;cientifica;pedestrian;
Glorieta Poeta María de los Reyes Fuentes;Glorieta Poeta María de los Reyes Fuentes;Glorieta Poeta María de los Reyes;Fuentes;2;female;escritora;footway;https://es.wikipedia.org/wiki/María_de_los_Reyes_Fuentes
Calle María Bohorquez;María Bohorquez;María;Bohorquez;2;female;historica;service;
Calle Felicidad Abril de Dios;Felicidad Abril de Dios;Felicidad Abril de;Dios;2;female;historica;pedestrian;
Paseo Locutora Eva Montesinos;Locutora Eva Montesinos;Locutora Eva;Montesinos;2;female;artista;pedestrian;
Calle Madre del Creador;Madre del Creador;Madre del;Creador;2;female;religiosa;pedestrian;
Calle Concha Yoldi;Concha Yoldi;Concha;Yoldi;2;female;historica;service;
Calle Empresaria Concha Yoldi;Empresaria Concha Yoldi;Empresaria Concha;Yoldi;2;female;historica;service;
Calle Rosario Vega;Rosario Vega;Rosario;Vega;2;female;historica;residential;
Calle Ana Valencia Vilches;Ana Valencia Vilches;Ana Valencia;Vilches;2;female;historica;residential;
Plazoleta Doña Conchita Rivas;Plazoleta Doña Conchita Rivas;Plazoleta Doña Conchita;Rivas;2;female;historica;footway;
Calle Sor Manuela Ramos;Sor Manuela Ramos;Sor Manuela;Ramos;2;female;religiosa;pedestrian;
Calle Pina López Gay;Pina López Gay;Pina López;Gay;2;female;politica;residential;https://es.wikipedia.org/wiki/Pina_López_Gay
Calle Santa María Magdalena;Santa María Magdalena;Santa María;Magdalena;2;female;santa;residential;https://es.wikipedia.org/wiki/Santa_María_Magdalena
Virgen de la Regla nº1 Pasaje;Virgen de la Regla nº1 Pasaje;Virgen de la Regla nº1;Pasaje;2;female;religiosa;footway;
Paseo Concha Sáinz;Concha Sáinz;Concha;Sáinz;2;female;historica;footway;https://es.wikipedia.org/wiki/La_Concha_(San_Roque_de_Riomiera)
Calle Talia;Talia;Talia;;2;female;historica;residential;https://es.wikipedia.org/wiki/Talia
Calle Dulcinea;Dulcinea;Dulcinea;;2;female;historica;pedestrian;https://es.wikipedia.org/wiki/Dulcinea_del_Toboso
Calle Yerma;Yerma;Yerma;;2;female;historica;pedestrian;https://es.wikipedia.org/wiki/Yerma
Calle Virgen de Cuatrovitas;Virgen de Cuatrovitas;Virgen de;Cuatrovitas;2;female;religiosa;pedestrian;
Pasaje Virgen de la Humildad;Pasaje Virgen de la Humildad;Pasaje Virgen de la;Humildad;2;female;religiosa;pedestrian;
Nucleo Residencial Nuestra Señora del Amparo;Nucleo Residencial Nuestra Señora del Amparo;Nucleo Residencial Nuestra Señora del;Amparo;2;female;religiosa;service;
Plaza Santa Isabel;Santa Isabel;Santa;Isabel;2;female;santa;footway;https://es.wikipedia.org/wiki/Santa_Isabel
Plaza Ernestina de Champourcin;Ernestina de Champourcin;Ernestina de;Champourcin;2;female;escritora;pedestrian;https://es.wikipedia.org/wiki/Ernestina_de_Champourcin
Pasaje Sor Ángela Hinojosa;Pasaje Sor Ángela Hinojosa;Pasaje Sor Ángela;Hinojosa;2;female;religiosa;footway;
Calle Madre Mercedes Trullas;Madre Mercedes Trullas;Madre Mercedes;Trullas;2;female;religiosa;pedestrian;
Calle Santa Elena;Santa Elena;Santa;Elena;2;female;santa;residential;
Calle María Santísima de la Caridad;María Santísima de la Caridad;María Santísima de la;Caridad;2;female;religiosa;footway;
Calle Carmen Chacón Piqueras;Carmen Chacón Piqueras;Carmen Chacón;Piqueras;2;female;politica;pedestrian;https://es.wikipedia.org/wiki/Carmen_Chacón_Piqueras
Plaza Esperanza Macarena;Esperanza Macarena;Esperanza;Macarena;2;female;religiosa;pedestrian;
